{
  "64": {
    "Uniform": {
      "acc": 0.9216521739130434,
      "params": 154176
    },
    "FOG": {
      "acc": 0.9204347826086956,
      "params": 84744
    }
  },
  "32": {
    "Uniform": {
      "acc": 0.9227826086956522,
      "params": 40224
    },
    "FOG": {
      "acc": 0.9198260869565218,
      "params": 22788
    }
  },
  "16": {
    "Uniform": {
      "acc": 0.9203478260869565,
      "params": 10896
    },
    "FOG": {
      "acc": 0.9182608695652174,
      "params": 7596
    }
  }
}