{
  "Uniform": {
    "acc": 0.9683809523809523,
    "params_m": 11.08992,
    "time_s": 235.90536618232727
  },
  "FOG": {
    "acc": 0.9683174603174604,
    "params_m": 10.921284,
    "time_s": 292.2766833305359
  }
}